name,id,tags,tech/manufacturer,rarity,base price,stack size,cargo space,baseRaidDanger,icon,sound id,sound id drop,plugin,plugin params,desc,order
# blueprints,,,,,,,,,,,,,,,
Stardust Ventures Core Package,stardust_core_package,package_bp,,,20000,1000,1,,graphics/icons/cargo/blueprint_midline.png,ui_chip_pickup,ui_bp_package_drop,com.fs.starfarer.api.campaign.impl.items.MultiBlueprintItemPlugin,stardust_core_bp,"A set of blueprints that enable heavy industry to produce the common and civilian hulls, fighters, and weapons created by Stardust Ventures.",200
Stardust Ventures Military Package,stardust_mil_package,package_bp,,,30000,1000,1,,graphics/icons/cargo/blueprint_midline.png,ui_chip_pickup,ui_bp_package_drop,com.fs.starfarer.api.campaign.impl.items.MultiBlueprintItemPlugin,stardust_mil_bp,"A set of blueprints that enable heavy industry to produce the rare and military hulls, fighters, and weapons created by Stardust Ventures.",210
Stardust Ventures Export Package,stardust_export_package,package_bp,,,20000,1000,1,,graphics/icons/cargo/blueprint_midline.png,ui_chip_pickup,ui_bp_package_drop,com.fs.starfarer.api.campaign.impl.items.MultiBlueprintItemPlugin,stardust_export_bp,"A set of blueprints that enable heavy industry to produce the midline export version of hulls, fighters, and weapons created by Stardust Ventures.",220
