{
	# Reserved engine style ids (can not be used):
	# "CUSTOM"


	"SV_TECH":{
		"engineColor":[112, 255, 255,255],
		"engineCampaignColor":[112, 255, 255,255],
		"contrailParticleSizeMult":4,
		"contrailParticleDuration":3,
		"contrailParticleFinalSizeMult":2.5,
		"contrailMaxSpeedMult":0.5,
		"contrailAngularVelocityMult":0,
		"contrailColor":[168, 255, 238,25],
		"contrailCampaignColor":[168, 255, 238,75],
		"type":"SMOKE" # GLOW or SMOKE
	},
	
	"SV_TECH2":{
		"engineColor":[175, 232, 255,255],
		"engineCampaignColor":[175, 232, 255,255],
		"contrailParticleSizeMult":4,
		"contrailParticleDuration":3,
		"contrailParticleFinalSizeMult":2.5,
		"contrailMaxSpeedMult":0.5,
		"contrailAngularVelocityMult":0,
		"contrailColor":[209, 241, 255,50],
		"contrailCampaignColor":[209, 241, 255,75],
		"type":"SMOKE" # GLOW or SMOKE
	},


}

