{

    "id": "stardustventures",

    "name": "Stardust Ventures",

    "author": "Mephansteras",

    "version": "0.9.0 Alpha",

    "description": "A set of ships focused on exploration, surveying, and living outside the core worlds.",

    "gameVersion": "0.98a",

    "jars":["jars/Stardust_Ventures.jar"],

    "modPlugin":"plugins.stardust_ModPlugin",
	
	"ddUrl": "https://github.com/Mephansteras/Stardust_Ventures/releases/download/stardust_ventures_v0.9.0/Stardust.Ventures.zip", 
	
	"dependencies": [
        {
            "id": "lw_lazylib",
            "name": "LazyLib"
        },
		{
			"id": "MagicLib",
            "name": "MagicLib"
		}
    ],

}