{
	# should be a copy of "combatSmall", minus variants that are annoying to fight in low numbers
	# for example, no Hyperions or fast beam-based kiting loadouts, or ships with damper field
	"combatSmallForSmallFleet":{
        "stardust_stormrunner_stock":4,
        "stardust_stormrunner_escort":3,
        "stardust_stormrunner_assault":3,
        "stardust_horizonchaser_mil":5,
        "stardust_comettail_stock":5,
        "stardust_comettail_support":5,
        "stardust_plasmaburst_stock":2,
        "stardust_plasmaburst_strike":2,
        "stardust_plasmaburst_support":1,
        "stardust_plasmaburst_patrol":1,
        "stardust_plasmaburst_pl":5,
        "stardust_plasmaburst_sd":5,
        "stardust_plasmaburst_hg":5,
        "stardust_plasmaburst_mc":5,
        
	},
	"combatSmall":{
        "stardust_stormrunner_stock":4,
        "stardust_stormrunner_escort":3,
        "stardust_stormrunner_assault":3,
        "stardust_horizonchaser_mil":5,
        "stardust_comettail_stock":5,
        "stardust_comettail_support":5,
        "stardust_plasmaburst_stock":2,
        "stardust_plasmaburst_strike":2,
        "stardust_plasmaburst_support":1,
        "stardust_plasmaburst_patrol":1,
        "stardust_plasmaburst_pl":5,
        "stardust_plasmaburst_sd":5,
        "stardust_plasmaburst_hg":5,
        "stardust_plasmaburst_mc":5,
	},
    	"combatMedium":{
            
		"stardust_starlightguard_stock":4,
		"stardust_starlightguard_flak":3,
		"stardust_starlightguard_close":3,
        "stardust_warpdiver_stock":5,
        "stardust_warpdiver_strike":5,  
        "stardust_stormseeker_stock":4,
        "stardust_stormseeker_attack":3,
        "stardust_stormseeker_strike":3,
        
		"stardust_starlightguard_pirate_hellbore":3,    
        "stardust_starlightguard_pirate_stock":4,
        "stardust_starlightguard_pirate_devestate":3,

	},
    "combatLarge":{
		"stardust_voidnomad_mil":10,
        "stardust_stormherald_stock":4,
        "stardust_stormherald_assault":3,
        "stardust_stormherald_patrol":3,
        "stardust_vortexhunter_stock":5,
        "stardust_vortexhunter_brawler":5,
    },
    "combatCapital":{
		"stardust_stormbringer_stock":4,
		"stardust_stormbringer_shock":3,
        "stardust_stormbringer_lancer":3,
	},
		"civilianRandom":{
		"stardust_horizonchaser_stock":10,
        "stardust_stargazer_stock":5,
        "stardust_stargazer_seeker":5,
        "stardust_sunbeamrider_stock":10,
	},    
    # hybrid ships with good combat and cargo capacity
	"combatFreighterSmall":{
        "stardust_ionskimmer_bulk":5,
        "stardust_ionskimmer_stock":5,
        "stardust_stargazer_stock":5,
        "stardust_stargazer_seeker":5,
	},
    # freighters and such
	"freighterSmall":{
        
		"stardust_sunbeamrider_stock":10,
	},
    "combatFreighterMedium":{
		"stardust_warpdiver_blockade":3,
	},    
    "combatFreighterLarge":{
		"stardust_voidnomad_stock":10,
	},
    # carriers
	"carrierSmall":{
		"stardust_stormseeker_c_stock":3,
		"stardust_stormseeker_c_support":3,
	},    
    	"carrierMedium":{
        "stardust_cosmicfury_stock":4,
        "stardust_cosmicfury_assault":4,
        "stardust_cosmicwind_stock":5,
        "stardust_cosmicwind_assault":5,
	},
    "carrierLarge":{
		"stardust_solarflare_assault":5,
		"stardust_solarflare_stock":5,
	},
	
}
