{
	# Reserved engine style ids (can not be used):
	# "CUSTOM"


	"stardust_TECH":{
		"engineColor":[112, 255, 255,255],
		"engineCampaignColor":[112, 255, 255,255],
		"contrailParticleSizeMult":3,
		"contrailParticleDuration":2,
		"contrailParticleFinalSizeMult":1.25,
		"contrailMaxSpeedMult":0.5,
		"contrailAngularVelocityMult":0,
		"contrailColor":[168, 255, 238,25],
		"contrailCampaignColor":[168, 255, 238,75],
		"type":"SMOKE" # GLOW or SMOKE
	},
	
	"stardust_TECH2":{
		"engineColor":[175, 232, 255,255],
		"engineCampaignColor":[175, 232, 255,255],
		"contrailParticleSizeMult":4,
		"contrailParticleDuration":3,
		"contrailParticleFinalSizeMult":2.5,
		"contrailMaxSpeedMult":0.5,
		"contrailAngularVelocityMult":0,
		"contrailColor":[209, 241, 255,50],
		"contrailCampaignColor":[209, 241, 255,75],
		"type":"SMOKE" # GLOW or SMOKE
	},

	"stardust_GOLD":{
		"engineColor":[255, 229, 102, 255],
		"engineCampaignColor":[255, 229, 102, 255],
		"contrailParticleSizeMult":4,
		"contrailParticleDuration":3,
		"contrailParticleFinalSizeMult":2.5,
		"contrailMaxSpeedMult":0.5,
		"contrailAngularVelocityMult":0,
		"contrailColor":[255, 242, 181, 50],
		"contrailCampaignColor":[255, 242, 181, 75],
		"type":"SMOKE" # GLOW or SMOKE
	},
}

