{
	"stardust_dualproton_fire":[
		{"file":"sounds/sfx_wpn_guns/mjolnir_fire_05.ogg","pitch":1.4, "volume":0.40},
		{"file":"sounds/sfx_wpn_guns/mjolnir_fire_05.ogg","pitch":1.38, "volume":0.40},
		{"file":"sounds/sfx_wpn_guns/mjolnir_fire_05.ogg","pitch":1.36, "volume":0.40},
        {"file":"sounds/sfx_wpn_guns/mjolnir_fire_05.ogg","pitch":1.34, "volume":0.42},
        {"file":"sounds/sfx_wpn_guns/mjolnir_fire_05.ogg","pitch":1.32, "volume":0.42},
        {"file":"sounds/sfx_wpn_guns/mjolnir_fire_05.ogg","pitch":1.30, "volume":0.42}
	],
    
    "stardust_heavyproton_fire":[
		{"file":"sounds/sfx_wpn_guns/mjolnir_fire_05.ogg","pitch":1.2, "volume":0.40},
		{"file":"sounds/sfx_wpn_guns/mjolnir_fire_05.ogg","pitch":1.18, "volume":0.40},
		{"file":"sounds/sfx_wpn_guns/mjolnir_fire_05.ogg","pitch":1.16, "volume":0.40},
        {"file":"sounds/sfx_wpn_guns/mjolnir_fire_05.ogg","pitch":1.14, "volume":0.42},
        {"file":"sounds/sfx_wpn_guns/mjolnir_fire_05.ogg","pitch":1.12, "volume":0.42},
        {"file":"sounds/sfx_wpn_guns/mjolnir_fire_05.ogg","pitch":1.10, "volume":0.42}
	],
    
	"stardust_autoproton_fire":
	[
		{"file":"sounds/sfx_wpn_guns/autocannon_fire_01.ogg","pitch":0.9,"volume":1},
		{"file":"sounds/sfx_wpn_guns/autocannon_fire_01.ogg","pitch":0.925,"volume":1},
		{"file":"sounds/sfx_wpn_guns/autocannon_fire_01.ogg","pitch":0.95,"volume":1},
	],
	
	"stardust_felpds_fire":
	[
		{"file":"sounds/sfx_wpn_energy/autopulse_laser_fire_01.ogg","pitch":1.81,"volume":0.55},
		{"file":"sounds/sfx_wpn_energy/autopulse_laser_fire_01.ogg","pitch":1.82,"volume":0.55},
		{"file":"sounds/sfx_wpn_energy/autopulse_laser_fire_01.ogg","pitch":1.80,"volume":0.55},
		{"file":"sounds/sfx_wpn_energy/autopulse_laser_fire_01.ogg","pitch":1.79,"volume":0.55},
	],	
    
	"stardust_felrepeater_fire":
	[
		{"file":"sounds/sfx_wpn_energy/autopulse_laser_fire_01.ogg","pitch":1.61,"volume":0.6},
		{"file":"sounds/sfx_wpn_energy/autopulse_laser_fire_01.ogg","pitch":1.62,"volume":0.6},
		{"file":"sounds/sfx_wpn_energy/autopulse_laser_fire_01.ogg","pitch":1.60,"volume":0.6},
		{"file":"sounds/sfx_wpn_energy/autopulse_laser_fire_01.ogg","pitch":1.59,"volume":0.6},
	],
    
    "stardust_felpulser_fire":
	[
		{"file":"sounds/sfx_wpn_energy/autopulse_laser_fire_01.ogg","pitch":1.21,"volume":0.7},
		{"file":"sounds/sfx_wpn_energy/autopulse_laser_fire_01.ogg","pitch":1.22,"volume":0.7},
		{"file":"sounds/sfx_wpn_energy/autopulse_laser_fire_01.ogg","pitch":1.20,"volume":0.7},
		{"file":"sounds/sfx_wpn_energy/autopulse_laser_fire_01.ogg","pitch":1.19,"volume":0.7},
	],
    
    "stardust_felcannon_fire":
	[
		{"file":"sounds/sfx_wpn_energy/autopulse_laser_fire_01.ogg","pitch":0.81,"volume":0.8},
		{"file":"sounds/sfx_wpn_energy/autopulse_laser_fire_01.ogg","pitch":9.82,"volume":0.8},
		{"file":"sounds/sfx_wpn_energy/autopulse_laser_fire_01.ogg","pitch":9.80,"volume":0.8},
		{"file":"sounds/sfx_wpn_energy/autopulse_laser_fire_01.ogg","pitch":0.79,"volume":0.8},
	],
    
	"stardust_cloudburst_fire":
	[
		{"file":"sounds/sfx_wpn_missiles/sabot_srm_fire_01_loud.ogg","pitch":0.9,"volume":0.6},
	],
    
    "stardust_plasmacaster_fire":
	[
		{"file":"sounds/sfx_wpn_energy/plasma_cannon_fire_01.ogg","pitch":1.3,"volume":0.7},
		{"file":"sounds/sfx_wpn_energy/plasma_cannon_fire_02.ogg","pitch":1.29,"volume":0.7},
		{"file":"sounds/sfx_wpn_energy/plasma_cannon_fire_03.ogg","pitch":1.28,"volume":0.7},
	],	
    
    "stardust_hvy_plasmacaster_fire":
	[
		{"file":"sounds/sfx_wpn_energy/plasma_cannon_fire_01.ogg","pitch":1.2,"volume":0.7},
		{"file":"sounds/sfx_wpn_energy/plasma_cannon_fire_02.ogg","pitch":1.19,"volume":0.7},
		{"file":"sounds/sfx_wpn_energy/plasma_cannon_fire_03.ogg","pitch":1.18,"volume":0.7},
	],	
    
    "stardust_plasmacaster_array_fire":
	[
		{"file":"sounds/sfx_wpn_energy/plasma_cannon_fire_01.ogg","pitch":1.17,"volume":0.7},
		{"file":"sounds/sfx_wpn_energy/plasma_cannon_fire_02.ogg","pitch":1.16,"volume":0.7},
		{"file":"sounds/sfx_wpn_energy/plasma_cannon_fire_03.ogg","pitch":1.14,"volume":0.7},
	],	
    
    "walloper_spinup":
	[
		{"file":"sounds/sfx_wpn_guns/thumper_spinup_01.ogg","pitch":0.9,"volume":1.1},
	],

	"walloper_fire":
	[
		{"file":"sounds/sfx_wpn_guns/vulcan_cannon_fire_01_01.ogg","pitch":0.70,"volume":0.5},
		{"file":"sounds/sfx_wpn_guns/vulcan_cannon_fire_01_01.ogg","pitch":0.71,"volume":0.5},
		{"file":"sounds/sfx_wpn_guns/vulcan_cannon_fire_01_01.ogg","pitch":0.72,"volume":0.5},
		{"file":"sounds/sfx_wpn_guns/vulcan_cannon_fire_01_01.ogg","pitch":0.73,"volume":0.5},
		{"file":"sounds/sfx_wpn_guns/vulcan_cannon_fire_01_01.ogg","pitch":0.74,"volume":0.5},
		{"file":"sounds/sfx_wpn_guns/vulcan_cannon_fire_01_01.ogg","pitch":0.75,"volume":0.5},
		{"file":"sounds/sfx_wpn_guns/vulcan_cannon_fire_01_02.ogg","pitch":0.70,"volume":0.5},
		{"file":"sounds/sfx_wpn_guns/vulcan_cannon_fire_01_02.ogg","pitch":0.71,"volume":0.5},
		{"file":"sounds/sfx_wpn_guns/vulcan_cannon_fire_01_02.ogg","pitch":0.72,"volume":0.5},
		{"file":"sounds/sfx_wpn_guns/vulcan_cannon_fire_01_02.ogg","pitch":0.73,"volume":0.5},
		{"file":"sounds/sfx_wpn_guns/vulcan_cannon_fire_01_02.ogg","pitch":0.74,"volume":0.5},
		{"file":"sounds/sfx_wpn_guns/vulcan_cannon_fire_01_02.ogg","pitch":0.75,"volume":0.5},
		{"file":"sounds/sfx_wpn_guns/vulcan_cannon_fire_01_03.ogg","pitch":0.70,"volume":0.5},
		{"file":"sounds/sfx_wpn_guns/vulcan_cannon_fire_01_03.ogg","pitch":0.71,"volume":0.5},
		{"file":"sounds/sfx_wpn_guns/vulcan_cannon_fire_01_03.ogg","pitch":0.72,"volume":0.5},
		{"file":"sounds/sfx_wpn_guns/vulcan_cannon_fire_01_03.ogg","pitch":0.73,"volume":0.5},
		{"file":"sounds/sfx_wpn_guns/vulcan_cannon_fire_01_03.ogg","pitch":0.74,"volume":0.5},
		{"file":"sounds/sfx_wpn_guns/vulcan_cannon_fire_01_03.ogg","pitch":0.75,"volume":0.5},
		{"file":"sounds/sfx_wpn_guns/vulcan_cannon_fire_01_04.ogg","pitch":0.70,"volume":0.5},
		{"file":"sounds/sfx_wpn_guns/vulcan_cannon_fire_01_04.ogg","pitch":0.71,"volume":0.5},
		{"file":"sounds/sfx_wpn_guns/vulcan_cannon_fire_01_04.ogg","pitch":0.72,"volume":0.5},
		{"file":"sounds/sfx_wpn_guns/vulcan_cannon_fire_01_04.ogg","pitch":0.73,"volume":0.5},
		{"file":"sounds/sfx_wpn_guns/vulcan_cannon_fire_01_04.ogg","pitch":0.74,"volume":0.5},
		{"file":"sounds/sfx_wpn_guns/vulcan_cannon_fire_01_04.ogg","pitch":0.75,"volume":0.5},
		{"file":"sounds/sfx_wpn_guns/vulcan_cannon_fire_01_05.ogg","pitch":0.70,"volume":0.5},
		{"file":"sounds/sfx_wpn_guns/vulcan_cannon_fire_01_05.ogg","pitch":0.71,"volume":0.5},
		{"file":"sounds/sfx_wpn_guns/vulcan_cannon_fire_01_05.ogg","pitch":0.72,"volume":0.5},
		{"file":"sounds/sfx_wpn_guns/vulcan_cannon_fire_01_05.ogg","pitch":0.73,"volume":0.5},
		{"file":"sounds/sfx_wpn_guns/vulcan_cannon_fire_01_05.ogg","pitch":0.74,"volume":0.5},
		{"file":"sounds/sfx_wpn_guns/vulcan_cannon_fire_01_05.ogg","pitch":0.75,"volume":0.5},
		{"file":"sounds/sfx_wpn_guns/vulcan_cannon_fire_01_06.ogg","pitch":0.70,"volume":0.5},
		{"file":"sounds/sfx_wpn_guns/vulcan_cannon_fire_01_06.ogg","pitch":0.71,"volume":0.5},
		{"file":"sounds/sfx_wpn_guns/vulcan_cannon_fire_01_06.ogg","pitch":0.72,"volume":0.5},
		{"file":"sounds/sfx_wpn_guns/vulcan_cannon_fire_01_06.ogg","pitch":0.73,"volume":0.5},
		{"file":"sounds/sfx_wpn_guns/vulcan_cannon_fire_01_06.ogg","pitch":0.74,"volume":0.5},
		{"file":"sounds/sfx_wpn_guns/vulcan_cannon_fire_01_06.ogg","pitch":0.75,"volume":0.5},
	],	
    
    "dianadart_fire":
	[
		{"file":"sounds/sfx_wpn_guns/rail_gun_fire_01.ogg","pitch":0.95,"volume":0.5},
        {"file":"sounds/sfx_wpn_guns/rail_gun_fire_01.ogg","pitch":0.94,"volume":0.5},
        {"file":"sounds/sfx_wpn_guns/rail_gun_fire_01.ogg","pitch":0.93,"volume":0.5},
	],

    "dianaarrow_fire":
	[
		{"file":"sounds/sfx_wpn_guns/rail_gun_fire_01.ogg","pitch":0.85,"volume":0.55},
        {"file":"sounds/sfx_wpn_guns/rail_gun_fire_01.ogg","pitch":0.84,"volume":0.55},
        {"file":"sounds/sfx_wpn_guns/rail_gun_fire_01.ogg","pitch":0.83,"volume":0.55},
	],   

    "dianaspear_fire":
	[
		{"file":"sounds/sfx_wpn_guns/rail_gun_fire_01.ogg","pitch":0.75,"volume":0.6},
        {"file":"sounds/sfx_wpn_guns/rail_gun_fire_01.ogg","pitch":0.74,"volume":0.6},
        {"file":"sounds/sfx_wpn_guns/rail_gun_fire_01.ogg","pitch":0.73,"volume":0.6},
	],     
}