id,type,text1,text2,text3,notes
stardust_stormrunner,SHIP,"A fast escort Frigate, the Storm Runner is fragile but hard hitting. Like all Stardust Ventures ships it is hardened against environmental dangers.",,,
stardust_stormrunner_mid,SHIP,"A fast escort Frigate, the Storm Runner is fragile but hard hitting. This one has be fitted for export to some of the main factions. It loses the Stardust Core system but gains better flux capacity and venting.",,,
stardust_ionskimmer,SHIP,"A very fast but fragile corvette, the Ion Skimmer is used either as a fast escort ship or to ferry crew and supplies quickly between systems. While too weak to last long in a real battle, it can hold its own against many of the smaller pirate frigates. Like all Stardust Ventures ships it is hardened against environmental dangers.",,,
stardust_horizonchaser,SHIP,"A small survey ship with excellent range and speed, the Horizon Chaser is a great addition to any budding exploration fleet. Like all Stardust Ventures ships it is hardened against environmental dangers.",,,
stardust_starlightguard,SHIP,"A fast escort Destroyer, the Starlight Guard is designed to take a beating while still being quick enough to keep up with all but the fastest frigates. This speed makes it excellent both as an escort and as a hunter to finish off smaller ships. Like all Stardust Ventures ships it is hardened against environmental dangers.",,,
stardust_starlightguard_pirate,SHIP,"A frankenstein mash of several ships based around a Starlight Guard core. This is a fast raiding ship favored by certain pirate groups, and excels at chasing down unguarded merchant vessels. The delicate Stardust Core tech that used to be installed did not survive the pirate mechanics tinkering.",,,
stardust_stormseeker,SHIP,"A heavy attack Destroyer, the Storm Seeker is designed to do strong hit-and-run flanking attacks. The spinal mount Large ballistics weapon gives it both high firepower and excellent role customization, although flux cost of the loadout can be a serious limiter compared to larger ships. Like all Stardust Ventures ships it is hardened against environmental dangers.",,,
stardust_stormseeker_c,SHIP,"A variant of the Storm Seeker, this design replaces the spinal Large Ballistic mount with a small fighter bay. Since it sacrifices none of its other capabilities, the Carrier version is still often used for flanking maneuvers. Like all Stardust Ventures ships it is hardened against environmental dangers.",,,
stardust_stormseeker_c_ig,SHIP,"A variant of the Storm Seeker, this design replaces the spinal Large Ballistic mount with a small fighter bay. Since it sacrifices none of its other capabilities, the Carrier version is still often used for flanking maneuvers. Like all Stardust Ventures ships it is hardened against environmental dangers.

This particular ship is from a limited run for VIP customers. Along with the very striking plating and paint job it comes with fully integrated environmental shielding. It was made to the most exacting standards and fine-tuned for efficiency. ",,,
stardust_stormseeker_mid,SHIP,"A heavy attack Destroyer, the Storm Seeker is designed to do strong hit-and-run flanking attacks. The spinal mount Large ballistics weapon gives it both high firepower and excellent role customization, although flux cost of the loadout can be a serious limiter compared to larger ships. This one has be fitted for export to some of the main factions. It loses the Stardust Core system but gains better flux capacity and venting.",,,
stardust_stormseeker_c_mid,SHIP,"A varient of the Storm Seeker, this design replaces the spinal Large Ballistic mount with a small fighter bay. Since it sacrifices none of its other capabilities, the Carrier version is still often used for flanking maneuvers. This one has be fitted for export to some of the main factions. It loses the Stardust Core system but gains better flux capacity and venting.",,,
stardust_stargazer,SHIP,"A medium survey ship with excellent range and speed, the Stargazer is the mainstay of many exploration fleets. Like all Stardust Ventures ships it is hardened against environmental dangers.",,,
stardust_sunbeamrider,SHIP,"The basic logistics ship of Stardust Ventures, the Sunbeam Rider carries a good amount of both cargo and fuel and is considerably faster than other freight ships of its class. Like all Stardust Ventures ships it is hardened against environmental dangers.",,,
stardust_voidnomad,SHIP,"A long range Exploration Cruiser, the Void Nomad includes built-in salvage gantries to help make the most of any expedition. It is a good bit faster than a Venture, but less robust and is not designed for heavy combat. Like all Stardust Ventures ships it is hardened against environmental dangers.",,,
stardust_stormherald,SHIP,"A swift strike cruiser, the Storm Herald is often used for anti-piracy patrols of major shipping lanes due to its long range and excellent speed. Like all Stardust Ventures ships it is hardened against environmental dangers.",,,
stardust_stormherald_mid,SHIP,"A swift strike cruiser, the Storm Herald is often used for anti-piracy patrols of major shipping lanes due to its long range and excellent speed. This one has be fitted for export to some of the main factions. It loses the Stardust Core system but gains better flux capacity and venting.",,,
stardust_cosmicwind,SHIP,"A fast carrier designed to keep up with swift moving exploration fleets, the Cosmic Wind is lighter but faster than a Heron. Like all Stardust Ventures ships it is hardened against environmental dangers.",,,
stardust_solarflare,SHIP,"One of the largest Stardust Ventures designs, this ship is a fast battlecarrier designed to tackle the toughest pirate and drone fleets out on the edges of the sector. Like all Stardust Ventures ships it is hardened against environmental dangers. ",,,
stardust_vortexhunter,SHIP,"Built on the same base frame as the Cosmic Wind, the Vortex Hunter skips the bulky fighter bays for extra speed and maneuverability which makes it excellent for hunting down exposed ships. Like all Stardust Ventures ships it is hardened against environmental dangers.",,,
stardust_cosmicfury,SHIP,"The welded remains of a Mule, Falcon, and Cosmic Wind, the aptly named Cosmic Horror has become the favorite of many pirate bands for its ability to stand up to direct combat better than most fast carriers. The delicate Stardust Core tech that used to be installed did not survive the pirate mechanics tinkering.",,,
stardust_stormbringer,SHIP,"Designed as much as a weapons demonstration platform as a ship of war, this Storm Bringer is heavily armed and swift for a battlecruiser but relatively fragile, The high number and variety of weapon mounts allows it to take out enemy ships as quickly as possible to avoid getting into a protracted fight. Like all Stardust Ventures ships it is hardened against environmental dangers.",,,
stardust_comettail,SHIP,"A fast but fragile missile frigate, the Comet Tail gets its name from the single broad engine trail that it leaves. Like all Stardust Ventures ships it is hardened against environmental dangers.",,,
stardust_comettail_mid,SHIP,"A fast but fragile missile frigate, the Comet Tail gets its name from the single broad engine trail that it leaves. This one has be fitted for export to some of the main factions. It loses the Stardust Core system but gains better flux capacity and venting.",,,
stardust_plasmaburst,SHIP,"A prototype super heavy fighter, the Plasma Burst ended up being too large to base out of carriers. While incredibly fast, it is fragile and lacks the cargo and fuel to travel far on its own and does best as a fleet support ship. Like all Stardust Ventures ships it is hardened against environmental dangers.",,,
stardust_plasmaburst_merc,SHIP,"A prototype super heavy fighter, the Plasma Burst ended up being too large to base out of carriers. While incredibly fast, it is fragile and lacks the cargo and fuel to travel far on its own and does best as a fleet support ship. This model has been specially modified for elite mercenary pilots for use in the core systems.",,,
stardust_warpdiver,SHIP,"An electronic warfare destroyer, the Warp Diver excels at both system reconnaissance and fleet support. It is a bit more expensive to run than similar hulls, however, and has considerably less firepower available. Like all Stardust Ventures ships it is hardened against environmental dangers.",,,
stardust_meteorite,SHIP,"Fast and armed with a pair of light proton guns the meteorite wing can provide both effective ship strafing as well as enemy missile and fighter interception. The lack of any heavier ordnance does mean they cannot do much more than provide pressure against most war ships, however.",,,
stardust_gammaracer,SHIP,"Stardust Venture's take on the light interceptor concept, the Gamma Racer is considerably more survivable than a Talon by including a shield system, although at considerably higher cost. The fighter mounts both Fel and Mist point defense systems, allowing it to be both serviceable against smaller targets as well as somewhat useful against armor and shields.",,,
stardust_stormwing,SHIP,"A tough and well armored fighter armed with a pair of low power Fel weapons and a single Cloudburst missile, the stormwing fighters are designed for battlespace superiority against enemy craft.",,,
stardust_moonbreaker,SHIP,"Light, quick, and armed with a hard hitting Lithobreaker torpedo, the Moonbreaker is fairly fragile and works best when escorted to its target. ",,,
stardust_stormlight,SHIP,"This rare gunship design packs an array of weaponry that rivals even some small frigates. However, it can be easily overwhelmed if it tries to take on too many enemy fighters at once. ",,,
stardust_oorttraveler,SHIP,"The primary long haul logistics ship of Stardust Ventures, the Oort Traveler carries a balanced amount of cargo, fuel, and crew and has considerably longer range than comparable non-tanker logistics ships. Like all Stardust Ventures ships it is hardened against environmental dangers.",,,
stardust_oorttraveler_armor,SHIP,"The primary long haul logistics ship of Stardust Ventures, the Oort Traveler carries a balanced amount of cargo, fuel, and crew and has considerably longer range than comparable non-tanker logistics ships. Like all Stardust Ventures ships it is hardened against environmental dangers. This variant adds armor and additional combat capability but has increased operational costs and a reduction in cargo and fuel capacity. While able to hold off minor pirate attacks, it is still vulnerable against proper military vessels. ",,,
stardust_celestialguide,SHIP,"In response to complaints by captains about the difficulties of traversing hyperspace, the Celestial Guide uses an advanced Warp Harmonic Resonator system to greatly improve fleet mobility and avoid hazards. A truly unusual looking ship, it was inspired by several species of deep sea creatures on Volturn. Captains are warned that the systems used are quite fragile, and it should be kept from combat situations if at all possible. ",,,
stardust_twilightdefiance,SHIP,"A dedicated missile cruiser, the Twilight Defiance has tremendous firepower at its disposal, including four built in Streak MRM launchers. However, it is a fairly fragile vessel and can easily become overwhelmed unless properly escorted. Like all Stardust Ventures ships it is hardened against environmental dangers.",,,
stardust_moonlightwalker,SHIP,"The common sight around independent planets, the Moonlight Walker is a light freighter built off the chassis of the ion skimmer with added cargo and fuel containers. While it is considerably less combat capable, it serves as an ideal logistics ship for small fleets. Like all Stardust Ventures ships it is hardened against environmental dangers.",,,
stardust_lightproton,WEAPON,"An attempt to reverse-engineer the technology of the Mjolnir cannon, the Proton Gun is considerably weaker and has shorter range but does allow for rapid fire. The highly polarized Proton shells create a mini EMP effect on ships hit with them. ",,,
stardust_dualproton,WEAPON,"An attempt to reverse-engineer the technology of the Mjolnir cannon, the Proton Gun is considerably weaker and has shorter range but does allow for rapid fire. The highly polarized Proton shells create a mini EMP effect on ships hit with them. ",,,
stardust_quadproton,WEAPON,"An attempt to reverse-engineer the technology of the Mjolnir cannon, the Proton Gun is considerably weaker and has shorter range but does allow for rapid fire. The highly polarized Proton shells create a mini EMP effect on ships hit with them. This Medium battery combination provides for a very fast rate of fire. ",,,
stardust_heavyproton,WEAPON,"A larger version of the Proton Gun, the Heavy Proton Gun still lacks the power and range of the Mjolnir but the EMP burst from the shells can be an effective ship disabler. While strong against lightly armored targets, it works best when paired with a weapon to strip off armor from more hardened targets.",,,
stardust_heavyproton_battery,WEAPON,"A larger version of the Proton Gun, the Heavy Proton Gun still lacks the power and range of the Mjolnir but the EMP burst from the shells can be an effective ship disabler. While strong against lightly armored targets, it works best when paired with a weapon to strip off armor from more hardened targets. This Large mount battery provides a rapid fire version.",,,
stardust_autoproton,WEAPON,An autocannon fitted to fire polarized proton shells this weapon offers a high rate of fire and solid performance against most targets.,,,
stardust_felrepeater,WEAPON,"A flux efficient Free-Electron Laser weapon that fires in short bursts. While fairly low powered, the stream of electrons fired by this weapon can still cause considerable damage as well as having an EMP effect on the target. 
The Free-Electron Laser family of weapons uses a stream of electrons accelerated to near the speed of light to damage the target. Easily modified to match a range of wavelengths, the technology is versatile and comes in several varieties. ",,,
stardust_felrepeater_fighter,WEAPON,"A flux efficient Free-Electron Laser weapon that fires in short bursts. While fairly low powered, the stream of electrons fired by this weapon can still cause considerable damage as well as having an EMP effect on the target. This version has been downsized to fight on fighter frames. This comes with reduced damage but considerably higher magazine capacity.
The Free-Electron Laser family of weapons uses a stream of electrons accelerated to near the speed of light to damage the target. Easily modified to match a range of wavelengths, the technology is versatile and comes in several varieties. ",,,
stardust_felrepeater_linked,WEAPON,"A linked pair of flux efficient Free-Electron Laser weapons that fire in short bursts. While fairly low powered, the stream of electrons fired by this weapon can still cause considerable damage as well as having an EMP effect on the target. 
The Free-Electron Laser family of weapons uses a stream of electrons accelerated to near the speed of light to damage the target. Easily modified to match a range of wavelengths, the technology is versatile and comes in several varieties. The linked pair is more flux efficient than the larger Fel Pulsar and has better ammo capacity, but suffers from shorter range and less single shot damage.",,,
stardust_felrepeater_battery,WEAPON,"A linked set of four of flux efficient Free-Electron Laser weapons. While fairly low powered, the stream of electrons fired by this weapon can still cause considerable damage as well as having an EMP effect on the target. 
The Free-Electron Laser family of weapons uses a stream of electrons accelerated to near the speed of light to damage the target. Easily modified to match a range of wavelengths, the technology is versatile and comes in several varieties. The battery is more flux efficient than the larger Fel Cannon and has better ammo capacity, but suffers from shorter range and less single shot damage.",,,
stardust_felpulser,WEAPON,"A larger and more powerful Free-Electron Laser weapon that fires in short bursts. The stream of electrons fired by this weapon can cause considerable damage as well as having an EMP effect on the target. 
The Free-Electron Laser family of weapons uses a stream of electrons accelerated to near the speed of light to damage the target. Easily modified to match a range of wavelengths, the technology is versatile and comes in several varieties. ",,,
stardust_felpulser_ig,WEAPON,"A larger and more powerful Free-Electron Laser weapon that fires in short bursts. The stream of electrons fired by this weapon can cause considerable damage as well as having an EMP effect on the target. 
The Free-Electron Laser family of weapons uses a stream of electrons accelerated to near the speed of light to damage the target. Easily modified to match a range of wavelengths, the technology is versatile and comes in several varieties. 

This model is plated ivory and gold as part of a limited run package. It costs more, but is otherwise identical to a standard issue model.",,,
stardust_felcannon,WEAPON,"The largest and most powerful Free-Electron Laser weapon, the cannon does the most damage but at a considerable flux cost. The stream of electrons fired by this weapon can cause considerable damage as well as having an EMP effect on the target. 
The Free-Electron Laser family of weapons uses a stream of electrons accelerated to near the speed of light to damage the target. Easily modified to match a range of wavelengths, the technology is versatile and comes in several varieties. ",,,
stardust_felpds,WEAPON,"A short range Free-Electron Laser weapon designed for point defense. While is does somewhat less raw damage than a vulcan, it boasts both longer range and a more versatile damage type. 
The Free-Electron Laser family of weapons uses a stream of electrons accelerated to near the speed of light to damage the target. Easily modified to match a range of wavelengths, the technology is versatile and comes in several varieties. ",,,
stardust_felpds_ig,WEAPON,"A short range Free-Electron Laser weapon designed for point defense. While is does somewhat less raw damage than a vulcan, it boasts both longer range and a more versatile damage type. 
The Free-Electron Laser family of weapons uses a stream of electrons accelerated to near the speed of light to damage the target. Easily modified to match a range of wavelengths, the technology is versatile and comes in several varieties. 

This model is plated ivory and gold as part of a limited run package. It costs more, but is otherwise identical to a standard issue model.",,,
stardust_feldefense,WEAPON,"A short range Free-Electron Laser weapon designed for point defense. The fel defender combines the power of two fel pds units into a single battery, allowing for a greater concentration of fire against a single target.
The Free-Electron Laser family of weapons uses a stream of electrons accelerated to near the speed of light to damage the target. Easily modified to match a range of wavelengths, the technology is versatile and comes in several varieties. ",,,
stardust_felguardian,WEAPON,"A short range Free-Electron Laser weapon designed for point defense. The fel guardian combines the power of four fel pds units into a single battery, allowing for a withering amount of fire to be directed at a given section of space.
The Free-Electron Laser family of weapons uses a stream of electrons accelerated to near the speed of light to damage the target. Easily modified to match a range of wavelengths, the technology is versatile and comes in several varieties. ",,,
stardust_cloudburst,WEAPON,"Fires a 2nd-stage spread of warheads that burst into a cloud of charged energy when in range. Designed for multi-purpose Area of Effect, the Cloudburst missiles can wipe out groups of missiles and fighters. Less effective against ships, but the EMP damage done on impacting enemy hull or armor can cripple a vulnerable vessel.

This version is a rack that holds 3 missiles. ",,,
stardust_cloudburst_pod,WEAPON,"Fires a 2nd-stage spread of warheads that burst into a cloud of charged energy when in range. Designed for multi-purpose Area of Effect, the Cloudburst missiles can wipe out groups of missiles and fighters. Less effective against ships, but the EMP damage done on impacting enemy hull or armor can cripple a vulnerable vessel.

This version is a twin-firing pod that rearms after firing and draws new missiles from an internal stockpile.",,,
stardust_cloudburst_single,WEAPON,"Fires a 2nd-stage spread of warheads that burst into a cloud of charged energy when in range. Designed for multi-purpose Area of Effect, the Cloudburst missiles can wipe out groups of missiles and fighters. Less effective against ships, but the EMP damage done on impacting enemy hull or armor can cripple a vulnerable vessel.

This version is a rack that holds 2 missiles. ",,,
stardust_cloudburst_fighter,WEAPON,"Fires a 2nd-stage spread of warheads that burst into a cloud of charged energy when in range. Designed for multi-purpose Area of Effect, the Cloudburst missiles can wipe out groups of missiles and fighters. Less effective against ships, but the EMP damage done on impacting enemy hull or armor can cripple a vulnerable vessel.

This version is a rack that holds a single missile and is designed for use on fighters. ",,,
stardust_stormfront,WEAPON,"Robust launching system that fires Cloudburst missiles, which split into a 2nd-stage spread of warheads that burst into a cloud of charged energy when in range. Designed for multi-purpose Area of Effect, the Cloudburst missiles can wipe out groups of missiles and fighters. Less effective against ships, but the EMP damage done on impacting enemy hull or armor can cripple a vulnerable vessel.

The Stormfront is a twin-firing module that includes a built-in manufactury to allow new cloudburst missiles to be created during the course of the battle.",,,
stardust_lithobreaker,WEAPON,"A rack of advanced guided torpedoes that release a solid metal core at high speeds when close enough to the target. Originally designed to shatter asteroids for easier mining, the technology quickly found use in military applications as the kinetic strike quickly takes down shields. ",,,
stardust_lithobreaker_single,WEAPON,"A rack of advanced guided torpedoes that release a solid metal core at high speeds when close enough to the target. Originally designed to shatter asteroids for easier mining, the technology quickly found use in military applications as the kinetic strike quickly takes down shields. ",,,
stardust_lithobreaker_pod,WEAPON,"A rack of advanced guided torpedoes that release a solid metal core at high speeds when close enough to the target. Originally designed to shatter asteroids for easier mining, the technology quickly found use in military applications as the kinetic strike quickly takes down shields. ",,,
stardust_lithobreaker_barrage,WEAPON,"A rack of advanced guided torpedoes that release a solid metal core at high speeds when close enough to the target. Originally designed to shatter asteroids for easier mining, the technology quickly found use in military applications as the kinetic strike quickly takes down shields. ",,,
stardust_plasmacaster,WEAPON,"An economical plasma weapon, the Plasma Caster hits hard but suffers from a fairly slow rate of fire. ",,,
stardust_hvy_plasmacaster,WEAPON,"An economical plasma weapon, the Heavy Plasma Caster hits very hard but suffers from a fairly slow rate of fire. ",,,
stardust_plasmacaster_array,WEAPON,"An economical plasma weapon, the Plasma Caster hits hard but suffers from a fairly slow rate of fire. The Array version fires a double-shot which can quickly devastate a weakened ship.",,,
stardust_plasmaarc,WEAPON,"An experiment in using plasma for point defense, the Plasma Arc Thrower is generally considered a failure. While it has seen some use as a wide area weapon it is generally considered worse than the Plasma Casters and further R&D on this line was discontinued. ",,,
stardust_walloper,WEAPON,"What's more fun than a Thumper? Two Thumpers strapped together! While cheap and highly effective at taking out lightly armored transport vessels, the Walloper is not widely used outside of pirate fleets. ",,,
stardust_dianaspear,WEAPON,"The Diana’s series of weapons are said to have been designed according to specifications laid down by Andrada himself. Each one launches rocket-propelled explosive rounds that seek out their target. On impact with shields, a sophisticated sensor system explodes the shell casing to pepper the shields with countless kinetic shards. While reasonably effective, the weapons are very expensive to both install and use. They are generally restricted to Sindrian fleets, though the occasional Stardust or Mercenary ship will fit them. The Spear is the largest of the lineup.",,,
stardust_dianaarrow,WEAPON,"The Diana’s series of weapons are said to have been designed according to specifications laid down by Andrada himself. Each one launches rocket-propelled explosive rounds that seek out their target. On impact with shields, a sophisticated sensor system explodes the shell casing to pepper the shields with countless kinetic shards. While reasonably effective, the weapons are very expensive to both install and use. They are generally restricted to Sindrian fleets, though the occasional Stardust or Mercenary ship will fit them. The Arrow is the medium version in the lineup.",,,
stardust_dianadart,WEAPON,"The Diana’s series of weapons are said to have been designed according to specifications laid down by Andrada himself. Each one launches rocket-propelled explosive rounds that seek out their target. On impact with shields, a sophisticated sensor system explodes the shell casing to pepper the shields with countless kinetic shards. While reasonably effective, the weapons are very expensive to both install and use. They are generally restricted to Sindrian fleets, though the occasional Stardust or Mercenary ship will fit them. The Arrow is the smallest of the lineup.",,,
stardust_mistpds,WEAPON,"Experiments in plasma technology resulted in this unusual energy detonation weapon. The plasma payload explodes after a short distance, filling the area around it with a mist of super-charged particles. While not particularly powerful, the blast makes for a very cheap but effective point defense system only hampered by the long delay between shots.",,,
stardust_streak_mrm_azure_int,WEAPON,"A class of missiles specifically designed to deal with hordes of pirate frigates, the Streak MRMs are fast with excellent guidance systems but suffer from poor damage compared to more standard sector missiles. The Azure class are kinetic shots designed to quickly overload the shields of smaller ships. This is a basic rack of four missiles.

This internal system variant cannot be mounted on most ships, but does include a built-in autoforge that will slowly replenish ammunition over the course of long engagements.",,,
stardust_streak_mrm_azure_double,WEAPON,"A class of missiles specifically designed to deal with hordes of pirate frigates, the Streak MRMs are fast with excellent guidance systems but suffer from poor damage compared to more standard sector missiles. The Azure class are kinetic shots designed to quickly overload the shields of smaller ships. This is a small rack of only two missiles. ",,,
stardust_streak_mrm_azure,WEAPON,"A class of missiles specifically designed to deal with hordes of pirate frigates, the Streak MRMs are fast with excellent guidance systems but suffer from poor damage compared to more standard sector missiles. The Azure class are kinetic shots designed to quickly overload the shields of smaller ships. This is a basic rack of four missiles.",,,
stardust_streak_mrm_azure_ig,WEAPON,"A class of missiles specifically designed to deal with hordes of pirate frigates, the Streak MRMs are fast with excellent guidance systems but suffer from poor damage compared to more standard sector missiles. The Azure class are kinetic shots designed to quickly overload the shields of smaller ships. This is a basic rack of four missiles.

The launcher portion of this model is plated ivory and gold. It costs more, but is otherwise identical to a normal Streak launcher.",,,
stardust_streak_mrm_azure_pod,WEAPON,"A class of missiles specifically designed to deal with hordes of pirate frigates, the Streak MRMs are fast with excellent guidance systems but suffer from poor damage compared to more standard sector missiles. The Azure class are kinetic shots designed to quickly overload the shields of smaller ships. The mid-sized pod shoots two missiles in rapid succession, and provides enough ammo for six volleys.",,,
stardust_streak_mrm_azure_barrage,WEAPON,"A class of missiles specifically designed to deal with hordes of pirate frigates, the Streak MRMs are fast with excellent guidance systems but suffer from poor damage compared to more standard sector missiles. The Azure class are kinetic shots designed to quickly overload the shields of smaller ships. The barrage version shoots four missiles in rapid succession, and provides enough ammo for eight volleys.",,,
stardust_streak_mrm_amber_int,WEAPON,"A class of missiles specifically designed to deal with hordes of pirate frigates, the Streak MRMs are fast with excellent guidance systems but suffer from poor damage compared to more standard sector missiles. The Amber class use fragmentation warheads designed to quickly finished off damaged vessels. This is a basic rack of four missiles.

This internal system variant cannot be mounted on most ships, but does include a built-in autoforge that will slowly replenish ammunition over the course of long engagements.",,,
stardust_streak_mrm_amber_double,WEAPON,"A class of missiles specifically designed to deal with hordes of pirate frigates, the Streak MRMs are fast with excellent guidance systems but suffer from poor damage compared to more standard sector missiles. The Amber class use fragmentation warheads designed to quickly finished off damaged vessels. This is a small rack of only two missiles. ",,,
stardust_streak_mrm_amber,WEAPON,"A class of missiles specifically designed to deal with hordes of pirate frigates, the Streak MRMs are fast with excellent guidance systems but suffer from poor damage compared to more standard sector missiles. The Amber class use fragmentation warheads designed to quickly finished off damaged vessels. This is a basic rack of four missiles.",,,
stardust_streak_mrm_amber_pod,WEAPON,"A class of missiles specifically designed to deal with hordes of pirate frigates, the Streak MRMs are fast with excellent guidance systems but suffer from poor damage compared to more standard sector missiles. The Amber class use fragmentation warheads designed to quickly finished off damaged vessels. The mid-sized pod shoots two missiles in rapid succession, and provides enough ammo for six volleys.",,,
stardust_streak_mrm_amber_barrage,WEAPON,"A class of missiles specifically designed to deal with hordes of pirate frigates, the Streak MRMs are fast with excellent guidance systems but suffer from poor damage compared to more standard sector missiles. The Amber class use fragmentation warheads designed to quickly finished off damaged vessels. The barrage version shoots four missiles in rapid succession, and provides enough ammo for eight volleys.",,,
stardust_streak_mrm_violet_int,WEAPON,"A class of missiles specifically designed to deal with hordes of pirate frigates, the Streak MRMs are fast with excellent guidance systems but suffer from poor damage compared to more standard sector missiles. The Violet class use high-explosive warheads designed to strip the armor of smaller ships. This is a basic rack of four missiles.

This internal system variant cannot be mounted on most ships, but does include a built-in autoforge that will slowly replenish ammunition over the course of long engagements.",,,
stardust_streak_mrm_violet_double,WEAPON,"A class of missiles specifically designed to deal with hordes of pirate frigates, the Streak MRMs are fast with excellent guidance systems but suffer from poor damage compared to more standard sector missiles. The Violet class use high-explosive warheads designed to strip the armor of smaller ships. This is a small rack of only two missiles. ",,,
stardust_streak_mrm_violet,WEAPON,"A class of missiles specifically designed to deal with hordes of pirate frigates, the Streak MRMs are fast with excellent guidance systems but suffer from poor damage compared to more standard sector missiles. The Violet class use high-explosive warheads designed to strip the armor of smaller ships. This is a basic rack of four missiles.",,,
stardust_streak_mrm_violet_ig,WEAPON,"A class of missiles specifically designed to deal with hordes of pirate frigates, the Streak MRMs are fast with excellent guidance systems but suffer from poor damage compared to more standard sector missiles. The Violet class use high-explosive warheads designed to strip the armor of smaller ships. This is a basic rack of four missiles.

The launcher portion of this model is plated ivory and gold. It costs more, but is otherwise identical to a normal Streak launcher.",,,
stardust_streak_mrm_violet_pod,WEAPON,"A class of missiles specifically designed to deal with hordes of pirate frigates, the Streak MRMs are fast with excellent guidance systems but suffer from poor damage compared to more standard sector missiles. The Violet class use high-explosive warheads designed to strip the armor of smaller ships. The mid-sized pod shoots two missiles in rapid succession, and provides enough ammo for six volleys.",,,
stardust_streak_mrm_violet_barrage,WEAPON,"A class of missiles specifically designed to deal with hordes of pirate frigates, the Streak MRMs are fast with excellent guidance systems but suffer from poor damage compared to more standard sector missiles. The Violet class use high-explosive warheads designed to strip the armor of smaller ships. The barrage version shoots four missiles in rapid succession, and provides enough ammo for eight volleys.",,,
stardust_streak_mrm_crimson_int,WEAPON,"A class of missiles specifically designed to deal with hordes of pirate frigates, the Streak MRMs are fast with excellent guidance systems but suffer from poor damage compared to more standard sector missiles. The Crimson class deliver an EMP pulse designed to quickly overload the systems on smaller vessels, as well as deal decent damage to shields. This is a basic rack of four missiles.

This internal system variant cannot be mounted on most ships, but does include a built-in autoforge that will slowly replenish ammunition over the course of long engagements.",,,
stardust_streak_mrm_crimson_double,WEAPON,"A class of missiles specifically designed to deal with hordes of pirate frigates, the Streak MRMs are fast with excellent guidance systems but suffer from poor damage compared to more standard sector missiles. The Crimson class deliver an EMP pulse designed to quickly overload the systems on smaller vessels, as well as deal decent damage to shields. This is a small rack of only two missiles. ",,,
stardust_streak_mrm_crimson,WEAPON,"A class of missiles specifically designed to deal with hordes of pirate frigates, the Streak MRMs are fast with excellent guidance systems but suffer from poor damage compared to more standard sector missiles. The Crimson class deliver an EMP pulse designed to quickly overload the systems on smaller vessels, as well as deal decent damage to shields. This is a basic rack of four missiles.",,,
stardust_streak_mrm_crimson_pod,WEAPON,"A class of missiles specifically designed to deal with hordes of pirate frigates, the Streak MRMs are fast with excellent guidance systems but suffer from poor damage compared to more standard sector missiles. The Crimson class deliver an EMP pulse designed to quickly overload the systems on smaller vessels, as well as deal decent damage to shields. The mid-sized pod shoots two missiles in rapid succession, and provides enough ammo for six volleys.",,,
stardust_streak_mrm_crimson_barrage,WEAPON,"A class of missiles specifically designed to deal with hordes of pirate frigates, the Streak MRMs are fast with excellent guidance systems but suffer from poor damage compared to more standard sector missiles. The Crimson class deliver an EMP pulse designed to quickly overload the systems on smaller vessels, as well as deal decent damage to shields. The barrage version shoots four missiles in rapid succession, and provides enough ammo for eight volleys.",,,
stardust_scorpion_beam,WEAPON,"While power hungry, the Scorpion Beam is a mainstay beam system of Stardust Ventures ships due to its range and reliability. Multi-lens adjusters and integrated targeting computers allow the weapon to be safely used past friendly craft, making it especially favored by midline captains utilizing rotational combat lines.",,,
stardust_scorpion_lance,WEAPON,"A powerful support weapon, the Wyvern Beam is often used for long range pressure and damage. Much like its smaller cousin, the Scorpion Beam, it utilizes multi-lens adjusters and integrated targeting computers to allow the weapon to be safely used past friendly craft. Ships using it can still engage foes that would otherwise be blocked with at least some ordinance.",,,
stardust_missileaugmenter,SHIP_SYSTEM,Activates an advanced missile augmentation system that overloads the warhead and engines of the missiles fired. Must be prepped between activations.,Offensive,"Provides a bonus to missile damage, range, speed, and acceleration",
stardust_harmonicwinds,SHIP_SYSTEM,An interface between the carrier and the fighters allows for the activation of specialized Harmonic regulators which temporarily increase fighter speed and agility.,Fighter,"Provides a bonus to fighter speed, acceleration, and agility",
stardust_stormsurge,SHIP_SYSTEM,"Siphons off excess energy from the Stardust Core to use in an overdrive system. While active it boosts the ships forward momentum for a few seconds before shifting to a combat setting which briefly increases maneuverability, turret turn speed, and rate of fire for ballistic and energy weapons.",,,
stardust_ventures,FACTION,"Stardust Ventures was a minor shipyard during the years of the Domain, focused almost exclusively on the creation of long range exploration and colonization ships. Their proprietary core system allowed safe passage through hyperspace storms and other dangerous phenomena. With the collapse of the gate system, however, many of the crucial parts necessary are now no longer available, and the company was forced to make do with what can be created locally. The instability of the sector and its growing piracy also spurred the creation of a whole combat line of ships to help escort what were once the primary focus of the entire enterprise. These days the company has carved out a small niche in the sector, selling ships and weapons to various factions and independent explorers. It is uncertain if such a relatively weak group can maintain that neutrality forever or if they will be subsumed into one of the larger powers.",,,
stardust_venture_industries,CUSTOM,"A barren moon that serves as the primary manufactory for all Stardust Ventures ships and related products. After a series of punitive pirate raids against the company caused significant damage the planet was upgraded with considerable ground and orbital defenses. Housing a mostly transitory workforce based on Stardust Hall the industrial compound has few native residents. Outside of bars and the occasional shop, the entire settlement resembles a factory more than a city, despite the tens of thousands of people living and working here at any given moment.",,,
stardust_stardust_hall,CUSTOM,"Scintillating waves and mild climate originally attracted the executives of Stardust Ventures to create a corporate retreat and outpost on the only landmass of any significant size on the watery planet. After the collapse of the gate system, the planet became the de-facto home for all of the corporation�s workers and families. In the years since it has grown into a city state of its own, albeit under the control of its largest employer. Years of relative peace and a steady export economy have allowed the residents to build up a life of freedom and prosperity, at least compared to most other planets in the sector.",,,
stardust_brabant,CUSTOM,"Initially set up by a group of residents from Stardust Hall who disliked the omnipresent control of the megacorp, Brabant has grown into an independent but integral part of the system. Providing a steady stream of raw materials for the shipyards, the settlement relies on its larger neighbor for protection against both pirates and the politics of the sector at large.",,,
stardust_mystical_grilltopia,CUSTOM,"The whimsical moniker of this world was once just the name of an enterprising waystation crew member’s restaurant that quickly became synonymous with the fledgling settlement. Recently settled as part of Stardust Ventures’ Star Seeker program, this world serves as both a hub for exploration as well as convenient market for the newly rediscovered riches of the rim.",,,
stardust_wayfarers_rest,CUSTOM,"Initially a simple resupply station, Wayfarer’s Rest had enough potential to receive a substantial amount of attention from SDV higher ups. The advantages of having permanent bases out on the rim sparked the Star Seeker program, and this world now serves as both a hub for exploration as well as convenient market for the newly rediscovered riches of the rim.",,,
