{
	"stardust_dualproton_fire":[
		{"file":"sounds/sfx_wpn_guns/mjolnir_fire_05.ogg","pitch":1.4, "volume":0.40},
		{"file":"sounds/sfx_wpn_guns/mjolnir_fire_05.ogg","pitch":1.38, "volume":0.40},
		{"file":"sounds/sfx_wpn_guns/mjolnir_fire_05.ogg","pitch":1.36, "volume":0.40},
        {"file":"sounds/sfx_wpn_guns/mjolnir_fire_05.ogg","pitch":1.34, "volume":0.42},
        {"file":"sounds/sfx_wpn_guns/mjolnir_fire_05.ogg","pitch":1.32, "volume":0.42},
        {"file":"sounds/sfx_wpn_guns/mjolnir_fire_05.ogg","pitch":1.30, "volume":0.42}
	],
    
    "stardust_heavyproton_fire":[
		{"file":"sounds/sfx_wpn_guns/mjolnir_fire_05.ogg","pitch":1.2, "volume":0.40},
		{"file":"sounds/sfx_wpn_guns/mjolnir_fire_05.ogg","pitch":1.18, "volume":0.40},
		{"file":"sounds/sfx_wpn_guns/mjolnir_fire_05.ogg","pitch":1.16, "volume":0.40},
        {"file":"sounds/sfx_wpn_guns/mjolnir_fire_05.ogg","pitch":1.14, "volume":0.42},
        {"file":"sounds/sfx_wpn_guns/mjolnir_fire_05.ogg","pitch":1.12, "volume":0.42},
        {"file":"sounds/sfx_wpn_guns/mjolnir_fire_05.ogg","pitch":1.10, "volume":0.42}
	],
    
	"stardust_felrepeater_fire":
	[
		{"file":"sounds/sfx_wpn_energy/autopulse_laser_fire_01.ogg","pitch":1.61,"volume":0.6},
		{"file":"sounds/sfx_wpn_energy/autopulse_laser_fire_01.ogg","pitch":1.62,"volume":0.6},
		{"file":"sounds/sfx_wpn_energy/autopulse_laser_fire_01.ogg","pitch":1.60,"volume":0.6},
		{"file":"sounds/sfx_wpn_energy/autopulse_laser_fire_01.ogg","pitch":1.59,"volume":0.6},
	],
    
    "stardust_felpulser_fire":
	[
		{"file":"sounds/sfx_wpn_energy/autopulse_laser_fire_01.ogg","pitch":1.21,"volume":0.7},
		{"file":"sounds/sfx_wpn_energy/autopulse_laser_fire_01.ogg","pitch":1.22,"volume":0.7},
		{"file":"sounds/sfx_wpn_energy/autopulse_laser_fire_01.ogg","pitch":1.20,"volume":0.7},
		{"file":"sounds/sfx_wpn_energy/autopulse_laser_fire_01.ogg","pitch":1.19,"volume":0.7},
	],
    
    "stardust_felcannon_fire":
	[
		{"file":"sounds/sfx_wpn_energy/autopulse_laser_fire_01.ogg","pitch":0.81,"volume":0.8},
		{"file":"sounds/sfx_wpn_energy/autopulse_laser_fire_01.ogg","pitch":9.82,"volume":0.8},
		{"file":"sounds/sfx_wpn_energy/autopulse_laser_fire_01.ogg","pitch":9.80,"volume":0.8},
		{"file":"sounds/sfx_wpn_energy/autopulse_laser_fire_01.ogg","pitch":0.79,"volume":0.8},
	],
    
	"stardust_cloudburst_fire":
	[
		{"file":"sounds/sfx_wpn_missiles/sabot_srm_fire_01_loud.ogg","pitch":0.9,"volume":0.6},
	],
}