name,id,flux/second,f/s (base rate),f/s (base cap),flux/use,f/u (base rate),f/u (base cap),cr/u,max uses,regen,charge up,active,down,cooldown,toggle,noDissipation,noHardDissipation,hardFlux,noFiring,noTurning,noStrafing,noAccel,noShield,noVent,isPhaseCloak,tags,icon
#Maneuvering Jets,maneuveringjets,,,,,,,,,,1,5,1,5,,,,,,,,,,,,,graphics/icons/hullsys/maneuvering_jets.png
Harmonic Resonance,stardust_harmonicresonance,,,,,,,,,,1,10,1,20,,,,,,,,,,,,,graphics/icons/hullsys/stardust_harmonic_resonance.png
Missile Augmenter,stardust_missileaugmenter,,,,,,,,,,1,5,1,10,,,,,,,,,,,,,graphics/icons/hullsys/stardust_missile_augmenter.png
#Accelerated Ammo Feeder,ammofeed,,,,,,,,,,1,5,1,10,,,,,,,,,,,,,graphics/icons/hullsys/ammo_feeder.png
Harmonic Wind,stardust_harmonicwinds,,,,,,0.5,,,,0.5,40,0.5,10,,,,,,,,,,,,,graphics/icons/hullsys/stardust_wind_boost.png
#Targeting Feed,targetingfeed,,,,,,0.5,,,,0.5,20,0.5,10,,,,,,,,,,,,,graphics/icons/hullsys/targeting_feed.png
Storm Surge,stardust_stormsurge,,,,,,,,,,1,6,1,6,,,,,,,,,,,,,graphics/icons/hullsys/maneuvering_jets.png
